id,title,poster,pubdate,url,rating,genres,star,comment,tags,star_time,card
2299295,未知图书,https://dou.img.lithub.cc/book/2299295.jpg,,https://book.douban.com/subject/2299295/,0,,,读完三妹的自传顺着过来看了大哥的，作者文笔读起来不是很舒服太多个人感情和瞎评论了，重点在抗战后的部分，不知该如何评论的悲剧。,,2025-06-17 05:16:06,
1692648,一个人的村庄,https://dou.img.lithub.cc/book/1692648.jpg,,https://book.douban.com/subject/1692648/,8.9,,,乡村文学看腻了,,2025-03-24 00:49:54,刘亮程 / 2006 / 春风文艺出版社
36818536,Welcome to the Hyunam-dong Bookshop,https://dou.img.lithub.cc/book/36818536.jpg,,https://book.douban.com/subject/36818536/,0,,,,,2025-02-02 09:09:35,Hwang Bo-reum / 2024 / Bloomsbury Publishing
26678040,이웃 사람 3,https://dou.img.lithub.cc/book/26678040.jpg,,https://book.douban.com/subject/26678040/,9,,,,,2024-12-31 12:33:50,강풀 / 2012 / 재미주의
26678038,이웃 사람 2,https://dou.img.lithub.cc/book/26678038.jpg,,https://book.douban.com/subject/26678038/,8.9,,,,,2024-12-31 12:33:41,강풀 / 2012 / 재미주의
26678034,이웃 사람 1,https://dou.img.lithub.cc/book/26678034.jpg,,https://book.douban.com/subject/26678034/,9,,,,,2024-12-31 12:33:34,강풀 / 2012 / 재미주의
1400705,情人,https://dou.img.lithub.cc/book/1400705.jpg,,https://book.douban.com/subject/1400705/,8.1,,5,很久之前看的电影，只注意到其中的爱情的部分，重看小说才发现有很多关于家庭和母女关系的描写。,,2024-12-05 01:43:46,[法] 玛格丽特·杜拉斯 / 2005 / 上海译文出版社
30147095,浮出历史地表,https://dou.img.lithub.cc/book/30147095.jpg,,https://book.douban.com/subject/30147095/,9.5,,4,读的人心潮澎湃，最开始的从古到今的论述太厉害了，不过有些内容太学术了。,,2024-11-22 04:31:38,孟悦 戴锦华 / 2018 / 北京大学出版社
30749561,呼兰河传,https://dou.img.lithub.cc/book/30749561.jpg,,https://book.douban.com/subject/30749561/,9.2,,,,,2024-11-08 22:01:20,萧红 / 2018 / 人民文学出版社
36338353,Beyond the Wage,https://dou.img.lithub.cc/book/36338353.jpg,,https://book.douban.com/subject/36338353/,0,,,,,2024-11-06 01:28:44,William Monteith 威廉·蒙蒂思 菲利帕·威廉姆斯 多拉-奥利维亚·维科尔 / 2021 / Policy Press
2294993,纽约琐记（修订版）,https://dou.img.lithub.cc/book/2294993.jpg,,https://book.douban.com/subject/2294993/,8.3,,,,,2024-10-26 04:34:07,陈丹青 / 2007 / 广西师范大学出版社
1033288,清瘦的日子,https://dou.img.lithub.cc/book/1033288.jpg,,https://book.douban.com/subject/1033288/,8,,,,,2024-10-26 03:12:08,陈丹燕 / 1998 / 上海人民出版社
35255628,榫卯的魅力,https://dou.img.lithub.cc/book/35255628.jpg,,https://book.douban.com/subject/35255628/,7.2,,,最近看了好几本把线下展览集结成一本书的形式，更像一个小册子,,2024-10-11 00:33:52,张瑶  主编 / 2020 / 化学工业出版社
33411771,中国古建筑知识一点通,https://dou.img.lithub.cc/book/33411771.jpg,,https://book.douban.com/subject/33411771/,7,,,问答的形式挺有意思的，可以直接看问题找到想要的答案,,2024-10-09 00:57:24,张驭寰 / 2019 / 清华大学出版社
34920267,移民政治,https://dou.img.lithub.cc/book/34920267.jpg,,https://book.douban.com/subject/34920267/,8.6,,4,第一章关于户籍制度和公民权利的讨论最有意思，总结了政府部门如何最大限度夺取劳动资源的同时限制这些人获取公民的基本权利，从上一辈的暂住证到现在所谓的积分落户其实并没有什么本质的改变。这就是上海visa，北京visa。,,2024-10-08 23:32:54,熊易寒 / 2019 / 复旦大学出版社
1028977,玻璃屋顶,https://dou.img.lithub.cc/book/1028977.jpg,,https://book.douban.com/subject/1028977/,8.8,,,,,2024-08-04 16:25:38,三七 / 2002 / 新世界出版社
36779060,别害怕吵架,https://dou.img.lithub.cc/book/36779060.jpg,,https://book.douban.com/subject/36779060/,7.6,,3,幼儿教育相关，并不是自己想看的主题,,2024-06-27 17:06:01,[意] 丹尼尔·诺瓦拉 / 2024 / 中信出版集团
26808220,与古为徒和娟娟发屋,https://dou.img.lithub.cc/book/26808220.jpg,,https://book.douban.com/subject/26808220/,8.1,,,没啥意思,,2024-04-22 17:18:43,白谦慎 / 2016 / 广西师范大学出版社
33380604,国家的视角,https://dou.img.lithub.cc/book/33380604.jpg,,https://book.douban.com/subject/33380604/,8.3,,,,,2024-04-08 21:03:50,[美]詹姆斯·C.斯科特(James C. Scott) / 2019 / 社会科学文献出版社
35338093,日出国的工厂,https://dou.img.lithub.cc/book/35338093.jpg,,https://book.douban.com/subject/35338093/,7.2,,,随便翻翻不太感兴趣,,2024-04-07 11:46:05,[日] 村上春树 / 2021 / 上海译文出版社
27616061,和语言漫步的日记,https://dou.img.lithub.cc/book/27616061.jpg,,https://book.douban.com/subject/27616061/,8.5,,,更多集中在语言的差异上，读起来很舒适,,2023-08-16 15:27:22,[日]多和田叶子 / 2018 / 河南大学出版社
26260799,农民自杀研究,https://dou.img.lithub.cc/book/26260799.jpg,,https://book.douban.com/subject/26260799/,7.9,,,比较有意思的是每个类型最后一节会给出一些实际田野的例子，农村真的是吃女人的社会，当然也有很多男人被规训着承担压力,,2023-07-31 15:49:05,刘燕舞 / 2014 / 社会科学文献出版社
35710421,老妓抄,https://dou.img.lithub.cc/book/35710421.jpg,,https://book.douban.com/subject/35710421/,8.5,,3,短篇小说集，看了前几篇不太喜欢这种风格,,2023-07-22 08:29:38,冈本加乃子 / 2022 / 辽宁人民出版社
26362836,献给阿尔吉侬的花束,https://dou.img.lithub.cc/book/26362836.jpg,,https://book.douban.com/subject/26362836/,9.1,,5,从一开始充满希望到逐渐下坠,,2023-06-28 20:02:34,[美] 丹尼尔·凯斯 / 2015 / 广西师范大学出版社
26874476,当工作消失时,https://dou.img.lithub.cc/book/26874476.jpg,,https://book.douban.com/subject/26874476/,7.6,,,,,2023-06-25 18:23:40,(美)威廉·朱利叶斯·威尔逊 / 2016 / 上海人民出版社
5415638,唐人街：共生与同化,https://dou.img.lithub.cc/book/5415638.jpg,,https://book.douban.com/subject/5415638/,9,,,1928年的华人记录，引用了很多人的的受访记录原话，十二章之后讲文化冲突和边缘任很有意思,,2023-06-25 14:39:31,吴景超 / 1991 / 天津人民出版社
34815132,圆圈正义,https://dou.img.lithub.cc/book/34815132.jpg,,https://book.douban.com/subject/34815132/,8.1,,,有些地方过于鸡汤，有种博客合集的感觉，只挑了几篇看,,2023-06-23 17:25:20,罗翔 / 2019 / 中国法制出版社
33438841,有限与无限的游戏,https://dou.img.lithub.cc/book/33438841.jpg,,https://book.douban.com/subject/33438841/,8.1,,,（1987年的书，最近发现这些书咋都这么老）推掉牌桌撕掉剧本,,2023-06-14 23:30:03,[美] 詹姆斯·卡斯 / 2019 / 电子工业出版社
1053174,你干吗在乎别人怎么想？,https://dou.img.lithub.cc/book/1053174.jpg,,https://book.douban.com/subject/1053174/,8.6,,4,,,2023-04-06 14:47:29,[美] 理查德·费曼 / 1999 / 中国社会科学出版社
1037602,别闹了，费曼先生,https://dou.img.lithub.cc/book/1037602.jpg,,https://book.douban.com/subject/1037602/,9,,,,,2023-04-06 14:41:47,[美] 理查德·费曼 / 1997 / 生活·读书·新知三联书店
30239304,Managing Up,https://dou.img.lithub.cc/book/30239304.jpg,,https://book.douban.com/subject/30239304/,0,,4,之前一直很讨厌这类的书，但是这本书希望能更早的看到，列举了四种不同类型的老板的优劣势，以及各种有毒老板的类型，核心其实还是去适应和迎合,,2023-03-21 13:31:01,Mary Abbajay / 2018 / John Wiley & Sons
25912076,叫魂,https://dou.img.lithub.cc/book/25912076.jpg,,https://book.douban.com/subject/25912076/,9.2,,,,,2022-11-28 21:33:58,[美] 孔飞力 / 2014 / 生活·读书·新知三联书店 上海三联书店
19964304,爱的多重奏,https://dou.img.lithub.cc/book/19964304.jpg,,https://book.douban.com/subject/19964304/,8.3,,,,,2022-10-08 22:34:05,[法] 阿兰·巴迪欧 尼古拉·张 / 2012 / 华东师范大学出版社
35506252,岩田先生,https://dou.img.lithub.cc/book/35506252.jpg,,https://book.douban.com/subject/35506252/,7.7,,2,,,2022-09-18 18:08:44,[日] HOBO日刊ITOI新闻(编) / 2021 / 译林出版社
6313496,卡拉马佐夫兄弟,https://dou.img.lithub.cc/book/6313496.jpg,,https://book.douban.com/subject/6313496/,9.6,,5,哎 大部头太难啃了,,2022-08-15 17:27:52,陀思妥耶夫斯基 / 2011 / 上海译文出版社
30387213,DK蔬菜种植栽培百科(精),https://dou.img.lithub.cc/book/30387213.jpg,,https://book.douban.com/subject/30387213/,7.4,,4,这本详细好多有每种蔬菜的播种收获时间表,,2022-06-08 16:22:53,[英] 艾伦·白金汉 / 2017 / 电子工业出版社
30227534,DK在家种蔬果-美好生活课堂,https://dou.img.lithub.cc/book/30227534.jpg,,https://book.douban.com/subject/30227534/,7.7,,,绍兴图书馆，这本感觉内容上没啥特殊,,2022-06-08 16:13:37,西蒙·阿克约德 / 2018 / 中国轻工业出版社
35028138,浙江海岛植物原色图谱,https://dou.img.lithub.cc/book/35028138.jpg,,https://book.douban.com/subject/35028138/,0,,,标记一下，图不错,,2022-05-29 16:07:33,浙江大学出版社
27043119,草木深圳,https://dou.img.lithub.cc/book/27043119.jpg,,https://book.douban.com/subject/27043119/,8.2,,4,没想到是在舟山图书馆看到这本书，按照花的颜色来排还挺友好，就是感觉种类太少了，而且漫山遍野的三角梅竟然没有入选,,2022-05-29 16:04:18,深圳市城管局深圳市林业局 / 2017 / 海天出版社
26733854,明天也是小春日和,https://dou.img.lithub.cc/book/26733854.jpg,,https://book.douban.com/subject/26733854/,8.7,,,,,2022-05-18 12:18:46,[日]津端英子 津端修一 / 2016 / 新星出版社
2972491,插花植材,https://dou.img.lithub.cc/book/2972491.jpg,,https://book.douban.com/subject/2972491/,8.2,,3,,,2022-05-18 11:46:21,孙光闻 徐晔春 主编 徐晔春 孙光闻 等摄影 / 2008 / 汕头大学出版社
27018918,当尼采哭泣,https://dou.img.lithub.cc/book/27018918.jpg,,https://book.douban.com/subject/27018918/,9,,5,近期读到的好书，从两个人正式治疗的开始的对话,,2022-03-06 15:28:23,[美国] 欧文·亚隆 / 2017 / 机械工业出版社
25912106,万尼亚舅舅·三姊妹·樱桃园,https://dou.img.lithub.cc/book/25912106.jpg,,https://book.douban.com/subject/25912106/,9.3,,,,,2022-03-02 22:04:25,[俄] 契诃夫 / 2014 / 上海译文出版社
33950530,体国经野之道,https://dou.img.lithub.cc/book/33950530.jpg,,https://book.douban.com/subject/33950530/,9.4,,,,,2022-03-02 18:21:30,周振鹤 / 2019 / 上海人民出版社
26901114,中国国家治理的制度逻辑,https://dou.img.lithub.cc/book/26901114.jpg,,https://book.douban.com/subject/26901114/,9.3,,3,实实在在的荒诞感,,2022-02-03 14:33:29,周雪光 / 2017 / 生活·读书·新知三联书店
5330333,活出生命的意义,https://dou.img.lithub.cc/book/5330333.jpg,,https://book.douban.com/subject/5330333/,8.5,,2,个人不喜欢，前面是集中营个人经历部份，本来以为后半部份理论能讲的更深刻一点，但是大失所望,,2022-01-25 19:59:26,[奥] 维克多·弗兰克 / 2010 / 华夏出版社
3669381,坏世界研究,https://dou.img.lithub.cc/book/3669381.jpg,,https://book.douban.com/subject/3669381/,8.7,,,,,2022-01-17 15:49:09,赵汀阳 / 2009 / 中国人民大学出版社
26723408,上海植物图鉴·草本卷,https://dou.img.lithub.cc/book/26723408.jpg,,https://book.douban.com/subject/26723408/,0,,3,,,2022-01-08 13:50:19,汪远 马金双 / 2016 / 河南科学技术出版社
2009914,为权利而斗争,https://dou.img.lithub.cc/book/2009914.jpg,,https://book.douban.com/subject/2009914/,9,,,很薄的一本小册子,,2022-01-08 13:29:30,鲁道夫·冯·耶林 / 2007 / 法律出版社
35489963,每日斯多葛日报,https://dou.img.lithub.cc/book/35489963.jpg,,https://book.douban.com/subject/35489963/,7.2,,2,有几个问题还不错，但是不值得翻,,2022-01-06 10:00:36,[美]莱恩·霍利得 [美]史提芬·汉赛蒙 / 2021 / 中国青年出版社
26847648,生活的艺术,https://dou.img.lithub.cc/book/26847648.jpg,,https://book.douban.com/subject/26847648/,7.5,,,不值一翻,,2021-12-20 09:09:40,林语堂 / 2016 / 湖南文艺出版社
30299532,在西伯利亚森林中,https://dou.img.lithub.cc/book/30299532.jpg,,https://book.douban.com/subject/30299532/,7.6,,2,,,2021-11-23 09:27:25,[法]西尔万·泰松 / 2018 / 人民文学出版社
10520377,废都,https://dou.img.lithub.cc/book/10520377.jpg,,https://book.douban.com/subject/10520377/,7.1,,1,,,2021-11-21 13:27:15,贾平凹 / 2012 / 译林出版社
10574335,妖绘卷,https://dou.img.lithub.cc/book/10574335.jpg,,https://book.douban.com/subject/10574335/,8.5,,,,,2021-11-20 17:30:22,Sheep / 2012 / 湖南美术出版社
1055088,像艺术家一样思考,https://dou.img.lithub.cc/book/1055088.jpg,,https://book.douban.com/subject/1055088/,8.3,,3,还不错的一本书，把学画画中的一些内心障碍列出来总结为左脑的语言和常识阻碍， 限定一个画框把三维平面缩到二维，然后把看到的精准画出来就好，后面几章跑的太快了,,2021-11-14 21:28:45,贝蒂・艾德华 / 2003 / 海南出版社
34954799,王家卫的电影世界,https://dou.img.lithub.cc/book/34954799.jpg,,https://book.douban.com/subject/34954799/,7.9,,3,刷完片单随手看看,,2021-11-09 13:00:23,[马来]张建德 / 2021 / 北京大学出版社
2280967,权力与影响力,https://dou.img.lithub.cc/book/2280967.jpg,,https://book.douban.com/subject/2280967/,8.5,,4,,,2021-11-02 22:26:12,[美] 约翰 P. 科特(John P. Kotter) 约翰·P.科特 / 2008 / 机械工业出版社
24871605,人不单靠面包活着,https://dou.img.lithub.cc/book/24871605.jpg,,https://book.douban.com/subject/24871605/,9,,,,,2021-10-13 09:36:05,[俄] 费奥多尔·陀思妥耶夫斯基 / 2013 / 上海译文出版社
26975767,画家之眼,https://dou.img.lithub.cc/book/26975767.jpg,,https://book.douban.com/subject/26975767/,8.7,,4,,,2021-10-09 11:41:22,[美]安德鲁·路米斯 / 2016 / 北京联合出版公司
26877918,轻轻松松认植物,https://dou.img.lithub.cc/book/26877918.jpg,,https://book.douban.com/subject/26877918/,7.3,,3,太长了断断续续挑感兴趣的看完了,,2021-07-02 08:40:21,汪劲武 / 2016 / 化学工业出版社
3813669,民主的细节,https://dou.img.lithub.cc/book/3813669.jpg,,https://book.douban.com/subject/3813669/,8.5,,,杂文集锦,,2021-06-28 13:44:57,刘瑜 / 2009 / 上海三联书店
4238362,送你一颗子弹,https://dou.img.lithub.cc/book/4238362.jpg,,https://book.douban.com/subject/4238362/,8.6,,3,博客日志收录，很坦诚的絮絮叨叨,,2021-06-16 12:55:34,刘瑜 / 2010 / 上海三联书店
25876750,看不见的森林,https://dou.img.lithub.cc/book/25876750.jpg,,https://book.douban.com/subject/25876750/,9.1,,3,博物学家每周对于一片森林的观察日记,,2021-06-16 08:32:25,[美] 戴维•乔治•哈斯凯尔 戴维·乔治·哈斯凯尔 / 2014 / 商务印书馆
1036613,茶馆,https://dou.img.lithub.cc/book/1036613.jpg,,https://book.douban.com/subject/1036613/,9.2,,,Mark as movie ,,2021-06-12 23:06:57,老舍 / 2002 / 人民文学出版社
1088711,霸王别姬,https://dou.img.lithub.cc/book/1088711.jpg,,https://book.douban.com/subject/1088711/,9.1,,,Mark as movie ,,2021-06-12 23:06:35,李碧华 / 1999 / 人民文学出版社
1051193,麦琪的礼物,https://dou.img.lithub.cc/book/1051193.jpg,,https://book.douban.com/subject/1051193/,8.7,,,,,2021-06-12 23:06:18,[美] 欧·亨利 / 2003 / 上海社会科学院出版社
1029791,许三观卖血记,https://dou.img.lithub.cc/book/1029791.jpg,,https://book.douban.com/subject/1029791/,8.9,,,,,2021-06-12 23:04:19,余华 / 1998 / 南海出版公司
1760432,受戒,https://dou.img.lithub.cc/book/1760432.jpg,,https://book.douban.com/subject/1760432/,9.3,,,没看完开头两篇写的也太嫩的感觉，也可能就是汪的特色吧，相比之下还是喜欢散文多点,,2021-05-25 09:09:56,汪曾祺 / 1987 / 漓江出版社
1253310,人间草木,https://dou.img.lithub.cc/book/1253310.jpg,,https://book.douban.com/subject/1253310/,9.2,,https://book.douban.com/subject/1253310/,9.2,,4,"04 夏天
1765512,海的女儿,https://dou.img.lithub.cc/book/1765512.jpg,,https://book.douban.com/subject/1765512/,9.1,,,,,2021-05-19 17:21:29,安徒生 / 1978年6月 / 上海译文出版社
25836270,厌女,https://dou.img.lithub.cc/book/25836270.jpg,,https://book.douban.com/subject/25836270/,9.1,,4,已经进了豆瓣250了，其中母亲的厌女症的那章看的太难过了，如此挣扎却无法和解，就像佐野洋子一样挣扎一生,,2021-05-16 13:40:32,上野千鹤子 / 2015 / 上海三联书店
30413226,非凡冒险,https://dou.img.lithub.cc/book/30413226.jpg,,https://book.douban.com/subject/30413226/,7.3,,3,一个需要伴侣参加的免费项目，仿佛大众点评的两人霸王餐一样，一个34岁的奇怪的人的碎碎念，但是还是吸引我看完了，虽然有很多无脑的情节的，但是其中的一些孤独的描写还是很戳心,,2021-05-16 13:03:55,[美]丹尼尔•华莱士 / 2019 / 江苏凤凰文艺出版社有限公司
1085883,青铜时代,https://dou.img.lithub.cc/book/1085883.jpg,,https://book.douban.com/subject/1085883/,8.8,,,,,2021-05-09 19:54:09,王小波 / 1997 / 花城出版社
26728835,动物农场,https://dou.img.lithub.cc/book/26728835.jpg,,https://book.douban.com/subject/26728835/,9.4,,,,,2021-05-09 19:49:48,乔治•奥威尔 / 2016 / 北京联合出版公司
27002046,美丽新世界,https://dou.img.lithub.cc/book/27002046.jpg,,https://book.douban.com/subject/27002046/,9.1,,5,,,2021-05-09 10:33:28,【英】奥尔德斯·赫胥黎 / 2017 / 上海译文出版社
1036490,万水千山走遍,https://dou.img.lithub.cc/book/1036490.jpg,,https://book.douban.com/subject/1036490/,8.9,,,,,2021-05-07 14:02:08,三毛 / 2003 / 哈尔滨出版社
1064682,稻草人手记,https://dou.img.lithub.cc/book/1064682.jpg,,https://book.douban.com/subject/1064682/,8.8,,,爱情故事,,2021-05-07 06:52:49,(台湾)三毛 / 2003 / 哈尔滨出版社
1082416,温柔的夜,https://dou.img.lithub.cc/book/1082416.jpg,,https://book.douban.com/subject/1082416/,8.9,,,,,2021-05-07 06:51:25,三毛 / 2004 / 哈尔滨出版社
1029111,哭泣的骆驼,https://dou.img.lithub.cc/book/1029111.jpg,,https://book.douban.com/subject/1029111/,9,,,,,2021-05-07 06:46:33,三毛 / 2003 / 哈尔滨出版社
1035848,一千零一夜,https://dou.img.lithub.cc/book/1035848.jpg,,https://book.douban.com/subject/1035848/,8.8,,,,,2021-05-06 22:29:35,2003 / 人民文学出版社
1046209,安徒生童话故事集,https://dou.img.lithub.cc/book/1046209.jpg,,https://book.douban.com/subject/1046209/,9.3,,3,回家翻了小时候的书重读了第一篇就觉得很奇怪，士兵杀了巫婆国王和王后，娶了公主，公主心满意足这是啥设定,,2021-05-06 22:27:43,（丹麦）安徒生 / 1997 / 人民文学出版社
1449352,朝花夕拾,https://dou.img.lithub.cc/book/1449352.jpg,,https://book.douban.com/subject/1449352/,9.1,,4,散文读起来稍微容易些,,2021-05-06 09:42:22,鲁迅 / 1973 / 人民文学出版社
1060068,撒哈拉的故事,https://dou.img.lithub.cc/book/1060068.jpg,,https://book.douban.com/subject/1060068/,9.2,,3,没有想象中的好，但是还是被文字可爱到,,2021-04-27 15:04:35,三毛 / 2003 / 哈尔滨出版社
30259726,我的阿勒泰,https://dou.img.lithub.cc/book/30259726.jpg,,https://book.douban.com/subject/30259726/,8.7,,4,读着好舒服,,2021-04-24 19:17:00,李娟 / 2018 / 长江文艺出版社
1028842,经济学原理（上下）,https://dou.img.lithub.cc/book/1028842.jpg,,https://book.douban.com/subject/1028842/,9.1,,,大学教材,,2021-04-20 12:40:25,[美] 曼昆 / 2003 / 机械工业出版社
1795079,乡土中国,https://dou.img.lithub.cc/book/1795079.jpg,,https://book.douban.com/subject/1795079/,9.2,,3,对现在的自己来说太理论了,,2021-04-18 22:53:33,费孝通 / 2006 / 上海人民出版社
34779934,时间的玫瑰,https://dou.img.lithub.cc/book/34779934.jpg,,https://book.douban.com/subject/34779934/,8.1,,3,,,2021-04-04 08:14:42,御巫由纪 / 2020 / 中信出版集团·雅信
27204786,叔本华美学随笔,https://dou.img.lithub.cc/book/27204786.jpg,,https://book.douban.com/subject/27204786/,9,,4,主要读了前两章论思考和论阅读,,2021-03-27 00:15:39,[德国] 阿图尔·叔本华 / 2018 / 上海人民出版社
30466225,叔本华思想随笔,https://dou.img.lithub.cc/book/30466225.jpg,,https://book.douban.com/subject/30466225/,9.1,,,,,2021-03-24 00:10:18,[德] 阿图尔·叔本华 / 2019 / 上海人民出版社
20273773,人生的意义,https://dou.img.lithub.cc/book/20273773.jpg,,https://book.douban.com/subject/20273773/,8.2,,5,哲学家喜欢分析问题不喜欢给出答案，什么是人生，什么是意义，什么是无意义，你为什么要问意义，最后一页给出两个可能选项爱和幸福？,,2021-03-21 15:49:28,[英国] 特里·伊格尔顿 / 2012 / 译林出版社
3062632,日常生活中的自我呈现,https://dou.img.lithub.cc/book/3062632.jpg,,https://book.douban.com/subject/3062632/,8.6,,3,硬着头皮翻完了，学术论文看起来好累，似乎并没有解决我最开始的问题，人处处都是表演。,,2021-03-20 16:02:33,（美）欧文·戈夫曼 / 2008 / 北京大学出版社
3402999,到灯塔去,https://dou.img.lithub.cc/book/3402999.jpg,,https://book.douban.com/subject/3402999/,8.8,,,看了开头没看下去，等待下一个阅读时机。,,2021-03-19 23:24:05,[英]弗吉尼亚·伍尔夫 / 2009 / 上海译文出版社
30314820,常识与通识,https://dou.img.lithub.cc/book/30314820.jpg,,https://book.douban.com/subject/30314820/,8,,,最近不太看得进去这种随笔,,2021-02-10 17:45:32,阿城 / 2019 / 上海三联书店
35218633,下河 #3,https://dou.img.lithub.cc/book/35218633.jpg,,https://book.douban.com/subject/35218633/,8.9,,,小张家翻到摄影书，夏天的感觉,,2021-01-24 13:28:06,214 / 2020 / 无像
7051803,乌托邦诗篇,https://dou.img.lithub.cc/book/7051803.jpg,,https://book.douban.com/subject/7051803/,8.6,,,,,2021-01-12 14:09:04,王安忆 / 2011 / 华东师范大学出版社
4934733,真实的幸福,https://dou.img.lithub.cc/book/4934733.jpg,,https://book.douban.com/subject/4934733/,8.1,,,正念课程参考书,,2020-11-28 17:32:01,【美】马丁•塞利格曼（Martin E.P. Seligman ） / 2010.8 / 万卷出版公司
6811366,禅与摩托车维修艺术,https://dou.img.lithub.cc/book/6811366.jpg,,https://book.douban.com/subject/6811366/,8.2,,,标注一下没看完，虽然试图把哲学讲的通俗一些，但是反而变得更啰嗦没有逻辑,,2020-11-26 07:28:57,[美]罗伯特·M.波西格 / 2011 / 重庆出版社
27013716,沉默的大多数,https://dou.img.lithub.cc/book/27013716.jpg,,https://book.douban.com/subject/27013716/,8.9,,3,,,2020-11-22 23:17:16,王小波 / 2017 / 北京十月文艺出版社
1449351,呐喊,https://dou.img.lithub.cc/book/1449351.jpg,,https://book.douban.com/subject/1449351/,9.2,,3,,,2020-11-17 12:43:34,鲁迅 / 1973 / 人民文学出版社
35024032,古代生活图卷,https://dou.img.lithub.cc/book/35024032.jpg,,https://book.douban.com/subject/35024032/,7.5,,,随手翻翻，感觉内容有些太单薄,,2020-11-01 18:11:17,王远 / 2020 / 湖南人民出版社
1077762,布莱克诗集,https://dou.img.lithub.cc/book/1077762.jpg,,https://book.douban.com/subject/1077762/,8.7,,,,,2020-10-29 08:38:11,威廉·布莱克 William Blake / 1999 / 上海三联书店
30216624,How to Take Smart Notes,https://dou.img.lithub.cc/book/30216624.jpg,,https://book.douban.com/subject/30216624/,8.5,,,,,2020-10-15 08:18:25,Sönke Ahrens / 2017 / CreateSpace Independent Publishing Platform
11524204,围城,https://dou.img.lithub.cc/book/11524204.jpg,,https://book.douban.com/subject/11524204/,9.2,,,,,2020-10-15 08:12:48,钱锺书 / 1991 / 人民文学出版社
34872741,印尼 Etc.,https://dou.img.lithub.cc/book/34872741.jpg,,https://book.douban.com/subject/34872741/,8.2,,3,,,2020-10-12 23:32:09,[英] 伊莉莎白·皮萨尼 / 2019 / 上海三联书店
34429817,存在主义救了我,https://dou.img.lithub.cc/book/34429817.jpg,,https://book.douban.com/subject/34429817/,6.6,,,,,2020-09-17 13:10:06,[美] 戈登·马里诺 / 2019 / 北京联合出版公司
27624390,云彩收集者手册,https://dou.img.lithub.cc/book/27624390.jpg,,https://book.douban.com/subject/27624390/,8.4,,,,,2020-09-17 09:52:22,[英] 加文·普雷特-平尼 加文·普雷特-平尼 / 2018 / 译林出版社
35092383,把自己作为方法,https://dou.img.lithub.cc/book/35092383.jpg,,https://book.douban.com/subject/35092383/,8.4,,,,,2020-09-16 13:12:47,项飙 吴琦 / 2020 / 上海文艺出版社
30490151,镖人：卷六,https://dou.img.lithub.cc/book/30490151.jpg,,https://book.douban.com/subject/30490151/,8.6,,,,,2020-08-19 00:14:58,许先哲 / 2019 / 北京联合出版公司
30163860,绿毛水怪,https://dou.img.lithub.cc/book/30163860.jpg,,https://book.douban.com/subject/30163860/,9.1,,,忘了什么时候看的了,,2020-04-18 09:42:17,王小波 / 2018 / 北京十月文艺出版社
2050424,存在主义是一种人道主义,https://dou.img.lithub.cc/book/2050424.jpg,,https://book.douban.com/subject/2050424/,8.4,,,,,2020-04-12 22:51:53,让-保罗.萨特(Jean-Paul Sartre) / 1988年4月 / 上海译文出版社
33440205,你当像鸟飞往你的山,https://dou.img.lithub.cc/book/33440205.jpg,,https://book.douban.com/subject/33440205/,8.7,,,,,2020-01-30 23:02:36,塔拉·韦斯特弗 / 2019 / 南海出版公司
4908885,局外人,https://dou.img.lithub.cc/book/4908885.jpg,,https://book.douban.com/subject/4908885/,9.1,,5,局外人的疏离感,,2019-12-29 10:26:06,[法] 阿尔贝·加缪 / 2010 / 上海译文出版社
5406559,鼠疫,https://dou.img.lithub.cc/book/5406559.jpg,,https://book.douban.com/subject/5406559/,8.8,,,,,2019-11-27 22:57:26,[法] 阿尔贝·加缪 / 2011 / 上海译文出版社
3239549,未知图书,https://dou.img.lithub.cc/book/3239549.jpg,,https://book.douban.com/subject/3239549/,0,,,,,2019-11-20 09:07:49,
1056295,人性的弱点全集,https://dou.img.lithub.cc/book/1056295.jpg,,https://book.douban.com/subject/1056295/,8.2,,,,,2019-11-20 09:06:35,[美] 戴尔·卡耐基 / 2008 / 中国发展出版社
3803820,人生,https://dou.img.lithub.cc/book/3803820.jpg,,https://book.douban.com/subject/3803820/,8.5,,,,,2019-11-20 09:06:02,路遥 / 2009 / 北京十月文艺出版社
4124727,孤独六讲,https://dou.img.lithub.cc/book/4124727.jpg,,https://book.douban.com/subject/4124727/,8.1,,,,,2019-11-20 09:05:37,蒋勋 / 2009 / 广西师范大学出版社
1033778,富爸爸，穷爸爸,https://dou.img.lithub.cc/book/1033778.jpg,,https://book.douban.com/subject/1033778/,8.3,,,,,2019-11-20 09:05:29,（美）罗伯特·T·清崎 莎伦·L·莱希特 / 2000 / 世界图书出版公司
1012611,乌合之众,https://dou.img.lithub.cc/book/1012611.jpg,,https://book.douban.com/subject/1012611/,8.1,,,,,2019-11-20 09:04:55,[法] 古斯塔夫·勒庞 / 2005 / 中央编译出版社
1079252,爱情笔记,https://dou.img.lithub.cc/book/1079252.jpg,,https://book.douban.com/subject/1079252/,8.3,,4,,,2019-11-14 08:54:56,（英）阿兰·德波顿 / 2004 / 上海译文出版社
34461208,我也不想这样,https://dou.img.lithub.cc/book/34461208.jpg,,https://book.douban.com/subject/34461208/,7.9,,3,,,2019-11-14 08:41:44,（日）细川貂貂 / 2019 / 湖南文艺出版社
26575643,颓废与沉默,https://dou.img.lithub.cc/book/26575643.jpg,,https://book.douban.com/subject/26575643/,7.7,,3,前三小段讲犬儒的定义还挺不错的，后面感觉就是新闻评述没什么意思,,2019-11-09 21:23:33,徐贲 / 2015 / 东方出版社
3713237,亲爱的三毛,https://dou.img.lithub.cc/book/3713237.jpg,,https://book.douban.com/subject/3713237/,8.8,,3,,,2019-11-08 23:01:18,三毛 / 2009 / 北京十月文艺出版社
4151117,阴翳礼赞,https://dou.img.lithub.cc/book/4151117.jpg,,https://book.douban.com/subject/4151117/,8.2,,2,,,2019-09-11 08:59:04,[日] 谷崎润一郎 / 2010 / 上海译文出版社
3264644,地久天长,https://dou.img.lithub.cc/book/3264644.jpg,,https://book.douban.com/subject/3264644/,8.9,,,,,2019-04-26 09:48:47,王小波 / 2008 / 上海锦绣文章出版社
1270150,风与树的歌,https://dou.img.lithub.cc/book/1270150.jpg,,https://book.douban.com/subject/1270150/,9.3,,5,温柔的童话,,2019-04-09 08:59:21,[日本] 安房直子 / 2004 / 少年儿童出版社
3266609,流浪地球,https://dou.img.lithub.cc/book/3266609.jpg,,https://book.douban.com/subject/3266609/,8.4,,4,,,2019-03-10 20:10:59,刘慈欣 / 2008 / 长江文艺出版社
26061406,小狗钱钱,https://dou.img.lithub.cc/book/26061406.jpg,,https://book.douban.com/subject/26061406/,9.1,,4,浅显易懂的小故事蕴含了很多道理，但是其实都是最基础说了很多遍的，所谓的具象化目标，记录成功日记，将资产分隔处理等等大部分都知道却没有实践的,,2019-03-09 21:43:41,博多·舍费尔 (Schafer B.) / 2014 / 四川少年儿童出版社
1460449,梁思成与林徽因,https://dou.img.lithub.cc/book/1460449.jpg,,https://book.douban.com/subject/1460449/,8.3,,5,,,2018-09-17 09:16:45,（美）费慰梅 / 1997 / 中国文联出版社
26598457,复盘+,https://dou.img.lithub.cc/book/26598457.jpg,,https://book.douban.com/subject/26598457/,6.2,,3,对于了解AAR有一定帮助，不过只翻了个人复盘的部分内容，最后附录的表格还好,,2018-09-01 23:08:33,邱昭良 / 2015 / 机械工业出版社
1091203,少年凯歌,https://dou.img.lithub.cc/book/1091203.jpg,,https://book.douban.com/subject/1091203/,9.3,,5,#2018已读01#文笔太好了，对那个时代的经历的思考,,2018-01-12 07:38:14,2001 / 人民文学出版社
3567853,Getting Real,https://dou.img.lithub.cc/book/3567853.jpg,,https://book.douban.com/subject/3567853/,9,,,,,2017-12-18 16:49:59,Jason Fried Heinemeier David Hansson Matthew Linderman / 2009 / 37signals
26818144,明安小师父,https://dou.img.lithub.cc/book/26818144.jpg,,https://book.douban.com/subject/26818144/,8.4,,,,,2017-12-05 16:23:22,走路摇（绘） 明安（编） / 2016 / 中国友谊出版公司
2275502,十年一觉电影梦,https://dou.img.lithub.cc/book/2275502.jpg,,https://book.douban.com/subject/2275502/,8.3,,5,很喜欢的文笔读起来很顺畅，顺便补了两部电影，看了十三邀的采访，就是一个很努力拍电影的人。,,2017-11-06 16:35:55,张靓蓓 编著 / 2007 / 人民文学出版社
1062193,娱乐至死,https://dou.img.lithub.cc/book/1062193.jpg,,https://book.douban.com/subject/1062193/,8.5,,3,,,2017-10-15 14:01:22,[美] 尼尔·波兹曼 / 2011 / 广西师范大学出版社
26671188,未知图书,https://dou.img.lithub.cc/book/26671188.jpg,,https://book.douban.com/subject/26671188/,0,,4,才了解姥爷口中的三年自然灾害,,2017-09-24 11:24:53,
26841614,雨天 炎天,https://dou.img.lithub.cc/book/26841614.jpg,,https://book.douban.com/subject/26841614/,7.6,,4,这一本还挺有意思的，更像游记一些,,2017-09-01 11:10:06,[日] 村上春树 / 2016 / 上海译文出版社
6126821,远方的鼓声,https://dou.img.lithub.cc/book/6126821.jpg,,https://book.douban.com/subject/6126821/,8.4,,,先看了蒋姑娘的东京一年再看到这本，不太感冒可能一直不太喜欢村上的风格，有些年代感和距离。,,2017-08-29 20:06:19,[日] 村上春树 / 2011 / 上海译文出版社
25917467,未知图书,https://dou.img.lithub.cc/book/25917467.jpg,,https://book.douban.com/subject/25917467/,0,,读完1984断断续续把这本书看完，每看完一个故事都在感叹那个疯狂的十年时间，从受害人到加害人的讲述，看到最后那篇没有经历过文革的人的采访想起来如果现在采访一次会是什么样子呢？,"历史,纪实文学",2017-08-02 10:29:11,
25822105,无缘社会,https://dou.img.lithub.cc/book/25822105.jpg,,https://book.douban.com/subject/25822105/,8.3,,4,太像我们的未来了,,2017-07-19 13:09:47,日本NHK特别节目录制组 / 2014 / 上海译文出版社
10607793,刀与星辰,https://dou.img.lithub.cc/book/10607793.jpg,,https://book.douban.com/subject/10607793/,8.6,,3,说是影评其实也是借电影表达想法吧，很多观点很犀利,,2017-07-02 15:12:27,2012 / 世界图书出版公司
26990918,一本小小的红色写作书,https://dou.img.lithub.cc/book/26990918.jpg,,https://book.douban.com/subject/26990918/,7.6,,3,感觉不是特别实用，很快就翻完了。,,2017-06-15 10:33:55,[加] 布兰登·罗伊尔 / 2017 / 九州出版社
1085799,白鹿原,https://dou.img.lithub.cc/book/1085799.jpg,,https://book.douban.com/subject/1085799/,8.8,,4,读的放不下来，对于自己来说开始理解之前家里长辈的一些观点。,,2017-05-25 10:21:55,陈忠实 / 1997 / 人民文学出版社
4011670,人间失格,https://dou.img.lithub.cc/book/4011670.jpg,,https://book.douban.com/subject/4011670/,8.2,,4,年幼时的把自己划到人类之外的清醒，和后期的渣男行为，不知道为什么总是很容易感同身受。这个和《被嫌弃的松子的医生》《百年酒馆》《伦敦生活》都好像，第一反应其实都是觉得主角好作，为什么那么多正常的路不去走，而是把自己作到如此悲惨的地步，可是自己却总是会有种理解的心情，人总是没有办法像设定好的路去走的啊，总是有这样或者那样的让人无法理解，但是顺应自己内心的行为啊。,,2017-04-01 15:28:06,太宰治 / 2009 / 吉林出版集团
26896859,当呼吸化为空气,https://dou.img.lithub.cc/book/26896859.jpg,,https://book.douban.com/subject/26896859/,8.9,,3,未完书，医生和患者两个身份集中在一个人身上，前半部分讲述对医学和文学的追求，后半部分则是从一个医生的角度看待自己的疾病，最后妻子的后记让人感动。能与自己的主治医师无障碍沟通，到最后最重要的是什么时候做出那个“我准备好了”的决定吧。,,2017-03-02 14:36:30,[美] 保罗·卡拉尼什 Paul Kalanithi / 2016 / 浙江文艺出版社
25977954,那可不行哦,https://dou.img.lithub.cc/book/25977954.jpg,,https://book.douban.com/subject/25977954/,7.4,,,,,2017-02-24 18:34:39,[日]佐野洋子 / 2014 / 重庆大学出版社
3608170,我想吃一个小孩,https://dou.img.lithub.cc/book/3608170.jpg,,https://book.douban.com/subject/3608170/,8.1,,3,儿童读物,绘本,2017-01-10 10:27:43,[法] 西尔维娜·多尼奥 著 [法] 多萝蒂·德·蒙弗里 绘 / 2009 / 北京科学技术出版社
2361768,爷爷变成了幽灵,https://dou.img.lithub.cc/book/2361768.jpg,,https://book.douban.com/subject/2361768/,9.3,,5,我想起来我忘记什么事了，我忘记对你说再见。这句看哭了，那句再见再也没来及说。,,2017-01-10 10:21:20,[丹麦]金·弗珀兹·艾克松/文 [瑞典]爱娃·艾瑞克松/图 / 2007 / 湖北美术出版社
26639366,怎样临帖,https://dou.img.lithub.cc/book/26639366.jpg,,https://book.douban.com/subject/26639366/,8.7,,,,,2017-01-04 14:40:30,邓散木 / 2015 / 浙江人民美术出版社
26145094,结构思考力,https://dou.img.lithub.cc/book/26145094.jpg,,https://book.douban.com/subject/26145094/,7.7,,4,感觉道理其实大家日常都懂，但是有例子促进思考,,2016-12-23 19:58:42,李忠秋 / 2014 / 电子工业出版社
26910673,未知图书,https://dou.img.lithub.cc/book/26910673.jpg,,https://book.douban.com/subject/26910673/,0,,1,买书需谨慎,,2016-12-23 17:04:07,
26639363,习字入门,https://dou.img.lithub.cc/book/26639363.jpg,,https://book.douban.com/subject/26639363/,8.8,,,字无百日功,,2016-12-21 15:37:05,刘养锋 / 2015 / 浙江人民美术出版社
2250587,一个人的好天气,https://dou.img.lithub.cc/book/2250587.jpg,,https://book.douban.com/subject/2250587/,7.6,,4,不喜欢知寿，又觉得像自己。,日本,2016-11-16 20:34:23,[日] 青山七惠 / 2007 / 上海译文出版社
3698217,花田半亩,https://dou.img.lithub.cc/book/3698217.jpg,,https://book.douban.com/subject/3698217/,8.5,,4,在CCTV10上看的推荐，当年还专门去市里买的全价书~,随笔,2016-10-28 17:03:21,田维 / 2009 / 昆仑出版社
6709809,暗时间,https://dou.img.lithub.cc/book/6709809.jpg,,https://book.douban.com/subject/6709809/,8.3,,3,,,2016-06-26 19:36:08,刘未鹏 / 2011 / 电子工业出版社
1014485,钢笔画技法,https://dou.img.lithub.cc/book/1014485.jpg,,https://book.douban.com/subject/1014485/,8.6,,,,,2015-10-23 11:24:00,盖瑞・斯梅恩斯 / 1998 / 中国青年出版社
4240953,漫话法国,https://dou.img.lithub.cc/book/4240953.jpg,,https://book.douban.com/subject/4240953/,8,,4,,,2015-10-23 11:22:47,[韩] 李元馥 / 2010 / 中信出版社
2345727,蜗居,https://dou.img.lithub.cc/book/2345727.jpg,,https://book.douban.com/subject/2345727/,7.4,,,,,2015-10-23 11:22:17,六六 / 2007 / 长江文艺出版社
7068122,新生代农民工,https://dou.img.lithub.cc/book/7068122.jpg,,https://book.douban.com/subject/7068122/,0,,,,,2015-10-23 11:21:59,2011 / 中国工人出版社
3702698,女思考者,https://dou.img.lithub.cc/book/3702698.jpg,,https://book.douban.com/subject/3702698/,7.2,,,,,2015-10-23 11:21:36,毕淑敏 / 2009 / 中国文联出版社
10761494,女心理师,https://dou.img.lithub.cc/book/10761494.jpg,,https://book.douban.com/subject/10761494/,7.2,,,,,2015-10-23 11:21:25,毕淑敏 / 2012 / 重庆出版社
1081971,拯救乳房,https://dou.img.lithub.cc/book/1081971.jpg,,https://book.douban.com/subject/1081971/,8,,,,,2015-10-23 11:21:17,毕淑敏 / 2003 / 人民文学出版社
5247601,街头的自语,https://dou.img.lithub.cc/book/5247601.jpg,,https://book.douban.com/subject/5247601/,8,,,,,2015-10-23 11:20:10,周国平 / 2010 / 北京理工大学出版社
3750309,安静的位置,https://dou.img.lithub.cc/book/3750309.jpg,,https://book.douban.com/subject/3750309/,8.3,,,,,2015-10-23 11:19:59,周国平 / 2009/6 / 北京理工大学出版社
1748067,一千张糖纸,https://dou.img.lithub.cc/book/1748067.jpg,,https://book.douban.com/subject/1748067/,7.6,,,,,2015-10-23 11:19:36,铁凝 / 2006 / 江苏文艺出版社
25916335,看到什么都会画,https://dou.img.lithub.cc/book/25916335.jpg,,https://book.douban.com/subject/25916335/,0,,,,,2015-10-09 11:04:16,飞乐鸟工作室 / 2013 / 中国水利水电出版社
5404058,痛并快乐着,https://dou.img.lithub.cc/book/5404058.jpg,,https://book.douban.com/subject/5404058/,7.8,,,,,2015-10-09 10:05:01,白岩松 / 2010 / 长江文艺出版社
4237182,世界因你不同,https://dou.img.lithub.cc/book/4237182.jpg,,https://book.douban.com/subject/4237182/,8.2,,,,,2015-10-09 10:04:35,李开复 范海涛 / 2010 / 中信出版社
5996195,幸福了吗？,https://dou.img.lithub.cc/book/5996195.jpg,,https://book.douban.com/subject/5996195/,8,,,,,2015-09-05 20:27:23,白岩松 / 2011 / 长江文艺出版社
4242172,天才在左 疯子在右,https://dou.img.lithub.cc/book/4242172.jpg,,https://book.douban.com/subject/4242172/,7.9,,2,读的时候有种后背发凉的感觉(后来发现是小说而已就无趣了),,2014-12-03 20:49:17,高铭 / 2010 / 武汉大学出版社
3609132,把时间当作朋友,https://dou.img.lithub.cc/book/3609132.jpg,,https://book.douban.com/subject/3609132/,8.4,,4,,时间管理,2014-11-05 16:07:28,李笑来 / 2009 / 电子工业出版社
5252677,幸福了吗?,https://dou.img.lithub.cc/book/5252677.jpg,,https://book.douban.com/subject/5252677/,8,,2,,,2014-09-14 12:13:47,白岩松 / 2010 / 长江文艺出版社
1013001,森林唱游,https://dou.img.lithub.cc/book/1013001.jpg,,https://book.douban.com/subject/1013001/,7.9,,,,,2014-09-13 13:15:51,幾米 / 2002 / 生活·读书·新知三联书店
1031575,听幾米唱歌,https://dou.img.lithub.cc/book/1031575.jpg,,https://book.douban.com/subject/1031575/,8.1,,,,,2014-09-13 13:15:39,幾米 / 2002 / 生活·读书·新知三联书店
1367458,照相本子,https://dou.img.lithub.cc/book/1367458.jpg,,https://book.douban.com/subject/1367458/,8.4,,,,,2014-09-13 13:15:32,幾米 / 2001 / 大塊文化出版公司
1059937,微笑的鱼,https://dou.img.lithub.cc/book/1059937.jpg,,https://book.douban.com/subject/1059937/,8.4,,,,,2014-09-13 13:15:21,幾米 / 2004 / 辽宁教育出版社
3311009,原来你非不快乐,https://dou.img.lithub.cc/book/3311009.jpg,,https://book.douban.com/subject/3311009/,7.2,,5,,随笔,2014-09-13 13:12:43,林夕 / 2008 / 广西师范大学出版社
1043815,骆驼祥子,https://dou.img.lithub.cc/book/1043815.jpg,,https://book.douban.com/subject/1043815/,8.6,,,"小说,经典",2014-09-13 13:12:22,老舍 / 1962 / 人民文学出版社
1007334,草样年华,https://dou.img.lithub.cc/book/1007334.jpg,,https://book.douban.com/subject/1007334/,7.2,,2,,小说,2014-09-13 13:11:33,孙睿 / 2004 / 远方出版社
1013502,钢铁是怎样炼成的,https://dou.img.lithub.cc/book/1013502.jpg,,https://book.douban.com/subject/1013502/,7.6,,,"小说,经典",2014-09-13 13:10:23,[苏] 尼·奥斯特洛夫斯基 / 1996 / 译林出版社
1856285,人生若只如初见,https://dou.img.lithub.cc/book/1856285.jpg,,https://book.douban.com/subject/1856285/,7.2,,3,,诗词,2014-09-13 13:09:44,安意如 / 2006 / 天津教育出版社
1949338,明朝那些事儿（贰）,https://dou.img.lithub.cc/book/1949338.jpg,,https://book.douban.com/subject/1949338/,8.9,,3,,,2014-09-13 13:09:34,当年明月 / 2007 / 中国友谊出版公司
1064275,老人与海,https://dou.img.lithub.cc/book/1064275.jpg,,https://book.douban.com/subject/1064275/,8.5,,,"小说,经典",2014-09-13 13:07:38,[美]海明威 / 1999 / 上海译文出版社
4714734,这些都是你给我的爱,https://dou.img.lithub.cc/book/4714734.jpg,,https://book.douban.com/subject/4714734/,8.3,,3,,绘本,2014-09-13 13:07:31,文：安东尼 图：echo / 2010 / 长江文艺出版社
1007914,窗边的小豆豆,https://dou.img.lithub.cc/book/1007914.jpg,,https://book.douban.com/subject/1007914/,8.8,,4,,,2014-09-13 13:06:44,[日] 黑柳彻子 著 岩崎千弘 图 / 2003 / 南海出版公司
1141406,简爱（英文全本）,https://dou.img.lithub.cc/book/1141406.jpg,,https://book.douban.com/subject/1141406/,8.5,,,"经典,小说",2014-09-13 13:03:59,[英] 夏洛蒂·勃朗特 / 2003 / 世界图书出版公司
1461903,何以笙箫默,https://dou.img.lithub.cc/book/1461903.jpg,,https://book.douban.com/subject/1461903/,7.8,,4,,小说,2014-09-13 13:03:49,顾漫 / 2007 / 朝华出版社
1016300,梦里花落知多少,https://dou.img.lithub.cc/book/1016300.jpg,,https://book.douban.com/subject/1016300/,7.1,,,"青春,小说",2014-09-13 13:03:12,郭敬明 / 2003 / 春风文艺出版社
1012743,万历十五年,https://dou.img.lithub.cc/book/1012743.jpg,,https://book.douban.com/subject/1012743/,9,,4,,历史,2014-09-13 12:58:20,黄仁宇 / 2004 / 生活·读书·新知三联书店
1873231,明朝那些事儿（壹）,https://dou.img.lithub.cc/book/1873231.jpg,,https://book.douban.com/subject/1873231/,8.8,,3,,,2014-09-12 14:41:01,当年明月 / 2006 / 中国友谊出版公司
1440101,就这么漂来漂去,https://dou.img.lithub.cc/book/1440101.jpg,,https://book.douban.com/subject/1440101/,7.2,,2,,杂文,2014-07-31 14:49:52,韩寒 / 2005 / 接力出版社
1200840,平凡的世界（全三部）,https://dou.img.lithub.cc/book/1200840.jpg,,https://book.douban.com/subject/1200840/,9,,"小说,中国文学,人生",2014-07-25 10:33:13,路遥 / 2005 / 人民文学出版社
3748247,把你的英语用起来！,https://dou.img.lithub.cc/book/3748247.jpg,,https://book.douban.com/subject/3748247/,8.2,,,,,2014-07-07 20:54:44,伍君仪 刘晓光 / 2013 / 外文出版社
24839537,那些让你痛苦的，必是让你成长的,https://dou.img.lithub.cc/book/24839537.jpg,,https://book.douban.com/subject/24839537/,7.7,,5,,,2014-07-06 18:24:40,嘉倩 / 2013 / 龙门书局
5991869,世界上最成功的24个女人,https://dou.img.lithub.cc/book/5991869.jpg,,https://book.douban.com/subject/5991869/,6.4,,,,2014-06-30 14:19:28,"朴恩梦 / 2011 / 北方妇女儿童出版社,吉林出版集团"
24839756,死亡如此多情,https://dou.img.lithub.cc/book/24839756.jpg,,https://book.douban.com/subject/24839756/,8.2,,,"纪实,死亡",2014-04-19 14:12:42,中国医学论坛报社 / 2013 / 中信出版社
25813030,MEMO 2013,https://dou.img.lithub.cc/book/25813030.jpg,,https://book.douban.com/subject/25813030/,8.1,,4,,,2014-04-17 20:30:40,三联生活周刊 / 2014 / 生活·读书·新知三联书店
10800125,手绘POP广告金典教程,https://dou.img.lithub.cc/book/10800125.jpg,,https://book.douban.com/subject/10800125/,0,,3,,手绘,2014-04-17 19:32:40,2012 / 辽宁科学技术出版社
19899834,只愿你曾被这世界温柔相待,https://dou.img.lithub.cc/book/19899834.jpg,,https://book.douban.com/subject/19899834/,7.1,,3,,随笔,2014-03-19 13:43:11,水木丁 / 2012 / 广西师范大学出版社
10429652,因为懂得 所以慈悲,https://dou.img.lithub.cc/book/10429652.jpg,,https://book.douban.com/subject/10429652/,6.7,,3,,传记,2013-12-27 21:07:54,白落梅 / 2012 / 中国华侨出版社
10831855,俞敏洪口述,https://dou.img.lithub.cc/book/10831855.jpg,,https://book.douban.com/subject/10831855/,8,,,,传记,2013-12-14 11:28:52,优米网 / 2012 / 当代中国出版社
3025580,杰出的流年,https://dou.img.lithub.cc/book/3025580.jpg,,https://book.douban.com/subject/3025580/,8.2,,,"传记,明星著作",2013-11-12 19:59:20,张杰 / 2008 / 上海锦绣文章出版社，上海文艺出版社
1852906,娜是一阵疯,https://dou.img.lithub.cc/book/1852906.jpg,,https://book.douban.com/subject/1852906/,7.1,,3,,传记,2013-11-12 19:57:29,谢娜 / 2006 / 湖南文艺出版社
3003765,开始,https://dou.img.lithub.cc/book/3003765.jpg,,https://book.douban.com/subject/3003765/,8.2,,,,绘本,2013-11-01 09:03:14,几米 / 2007 / 人民文学出版社
3765140,haru的橡皮章生活,https://dou.img.lithub.cc/book/3765140.jpg,,https://book.douban.com/subject/3765140/,8.2,,3,,手工,2013-10-29 20:40:14,haru 著 廖家威 摄影 / 2009 / 化学工业出版社
10747883,怦然心动的人生整理魔法,https://dou.img.lithub.cc/book/10747883.jpg,,https://book.douban.com/subject/10747883/,8,,1,,,2013-10-24 22:39:48,[日] 近藤麻理惠 / 2012 / 译林出版社
10786473,自控力,https://dou.img.lithub.cc/book/10786473.jpg,,https://book.douban.com/subject/10786473/,8.2,,,,,2013-10-23 14:43:31,[美] 凯利·麦格尼格尔 / 2012 / 文化发展出版社(原印刷工业出版社)
7043452,The Willpower Instinct,https://dou.img.lithub.cc/book/7043452.jpg,,https://book.douban.com/subject/7043452/,8.8,,,,心理学,2013-10-23 14:43:10,Kelly McGonigal / 2011 / Avery
3266968,秘密,https://dou.img.lithub.cc/book/3266968.jpg,,https://book.douban.com/subject/3266968/,7.2,,,,灵修,2013-10-23 14:39:14,[澳] 朗达·拜恩 / 2008 / 中国城市出版社
6511362,我们时代的神经症人格,https://dou.img.lithub.cc/book/6511362.jpg,,https://book.douban.com/subject/6511362/,8.9,,5,,,2013-10-16 11:17:46,卡伦·霍尼 / 2011 / 译林出版社
4238299,宝贝，宝贝,https://dou.img.lithub.cc/book/4238299.jpg,,https://book.douban.com/subject/4238299/,8,,4,,,2013-07-17 09:19:51,周国平 / 2010 / 江苏人民出版社
3995526,目送,https://dou.img.lithub.cc/book/3995526.jpg,,https://book.douban.com/subject/3995526/,8.6,,,"亲情,散文",2013-07-17 09:19:10,龙应台 / 2009 / 生活·读书·新知三联书店
5403007,剩者为王,https://dou.img.lithub.cc/book/5403007.jpg,,https://book.douban.com/subject/5403007/,7.5,,2,,,2013-06-13 23:39:05,落落 / 2011 / 长江文艺出版社
1588066,克拉马依自然奇观,https://dou.img.lithub.cc/book/1588066.jpg,,https://book.douban.com/subject/1588066/,0,,,,地貌,2013-06-09 19:27:16,赵承安 / 2002 / 中国旅游出版社
5940434,一个人的美食之旅,https://dou.img.lithub.cc/book/5940434.jpg,,https://book.douban.com/subject/5940434/,8.3,,,,,2013-06-08 21:07:50,[日] 高木直子 / 2011 / 江西科学技术出版社
3449759,一个人漂泊的日子①,https://dou.img.lithub.cc/book/3449759.jpg,,https://book.douban.com/subject/3449759/,8.3,,,,绘本,2013-06-08 21:00:32,[日] 高木直子 图文 / 2009 / 当代世界出版社
3897928,我的路5,https://dou.img.lithub.cc/book/3897928.jpg,,https://book.douban.com/subject/3897928/,8.7,,3,,绘本,2013-06-08 19:30:12,寂地 / 2009 / 黑龙江美术出版社
2363651,十四堂人生创意课,https://dou.img.lithub.cc/book/2363651.jpg,,https://book.douban.com/subject/2363651/,8.1,,4,,启发,2013-05-31 16:16:48,李欣频 / 2008 / 电子工业出版社
3930906,蓝鱼手绘日记,https://dou.img.lithub.cc/book/3930906.jpg,,https://book.douban.com/subject/3930906/,8.5,,,,绘本,2013-05-18 20:03:15,bluefisher / 2009 / 广西师范大学出版社
1071821,你不可不知的人性,https://dou.img.lithub.cc/book/1071821.jpg,,https://book.douban.com/subject/1071821/,8.1,,3,,人生哲学,2013-05-13 15:53:40,[美] 刘墉 / 2004 / 接力出版社
2112089,PCI图像处理教程,https://dou.img.lithub.cc/book/2112089.jpg,,https://book.douban.com/subject/2112089/,0,,4,,遥感,2013-05-13 15:53:08,赵文吉 / 2007 / 中国环境科学出版社
1794620,芒果街上的小屋,https://dou.img.lithub.cc/book/1794620.jpg,,https://book.douban.com/subject/1794620/,7.8,,,"外国文学,小说",2013-04-22 15:06:14,[美国] 桑德拉·希斯内罗丝 / 2006 / 译林出版社
1069805,给青年的十二封信,https://dou.img.lithub.cc/book/1069805.jpg,,https://book.douban.com/subject/1069805/,8.9,,,,人生,2013-04-19 17:04:57,朱光潜 / 2004 / 广西师范大学出版社
5437113,窗边的小豆豆,https://dou.img.lithub.cc/book/5437113.jpg,,https://book.douban.com/subject/5437113/,9.1,,,"日本,儿童文学",2013-04-19 17:01:23,[日] 黑柳彻子 著 岩崎千弘 图 / 2011 / 南海出版公司
20427187,未知图书,https://dou.img.lithub.cc/book/20427187.jpg,,https://book.douban.com/subject/20427187/,0,,,很久没有仔仔细细的把一本这么厚的书读完，如饥似渴。,随笔,2013-03-16 11:11:07,